10703,Freshmen and Sophomores Only
3347,Freshmen and Sophomores Only
9635,Freshmen and Sophomores Only
10526,Freshmen and Sophomores Only
4386,Freshmen and Sophomores Only
4387,Freshmen and Sophomores Only
4388,Freshmen and Sophomores Only
1416,Enrollment Management
7720,Enrollment Management
7721,Enrollment Management
7723,Enrollment Management
8786,Enrollment Management
2617,Enrollment Management
2619,Enrollment Management
3981,Enrollment Management / Study Abroad @ the Beach
7718,Enrollment Management / Study Abroad @ the Beach
8714,Enrollment Management / Study Abroad @ the Beach
10887,Study Abroad @ the Beach
2968,Consent of Ethicial Leadership Program
4445,ICBSC Consent of Barbara.Barcon@csulb.edu
3081,Consent of Instructor: Howard.Fletcher@csulb.edu
1417,Enrollment Management / Study Abroad @ the Beach
1418,Enrollment Management / Study Abroad @ the Beach
3641,University Honors Program
3704,Enrollment Management
4516,Enrollment Management
8965,Study Abroad @ the Beach
4997,Study Abroad @ the Beach
2625,Study Abroad @ the Beach
4485,Study Abroad @ the Beach
5045,Study Abroad @ the Beach
4487,Study Abroad @ the Beach
2722,Study Abroad @ the Beach
2737,Enrollment Management
3693,Enrollment Management
4707,Enrollment Management
2954,Enrollment Management / Study Abroad @ the Beach
3784,Study Abroad @ the Beach
7402,Study Abroad @ the Beach
5186,Study Abroad @ the Beach
7748,Study Abroad @ the Beach
7387,Study Abroad @ the Beach
6168,Enrollment Management
7760,Enrollment Management
3458,Study Abroad @ the Beach
7175,Study Abroad @ the Beach
7753,Study Abroad @ the Beach
2703,Enrollment Management
5093,Enrollment Management / Study Abroad @ the Beach
1500,Enrollment Management / Study Abroad @ the Beach
4464,Enrollment Management / Study Abroad @ the Beach
5117,Enrollment Management
9637,AEL Program
8980,Study Abroad @ the Beach
1516,Graduating Senior from Waitlist Only
5082,Graduating Senior from Waitlist Only
1505,Graduating Senior from Waitlist Only
1514,Graduating Senior from Waitlist Only
4374,Graduating Senior from Waitlist Only
1506,Graduating Senior from Waitlist Only
5949,Graduating Senior from Waitlist Only
6592,Graduating Senior from Waitlist Only
3094,Graduating Senior from Waitlist Only
1507,Graduating Senior from Waitlist Only
1511,Graduating Senior from Waitlist Only
5094,Graduating Senior from Waitlist Only
1512,Graduating Senior from Waitlist Only
6629,Graduating Senior from Waitlist Only
6293,Graduating Senior from Waitlist Only
4675,Graduating Senior from Waitlist Only
5084,Graduating Senior from Waitlist Only
3232,Graduating Senior from Waitlist Only
4655,Graduating Senior from Waitlist Only
1515,Graduating Senior from Waitlist Only
5980,Graduating Senior from Waitlist Only
1510,Graduating Senior from Waitlist Only
1508,Graduating Senior from Waitlist Only
5083,Graduating Senior from Waitlist Only
2108,Graduating Senior from Waitlist Only
1509,Graduating Senior from Waitlist Only
7526,University Honors Program
7624,Graduating Senior from Waitlist Only
9201,Graduating Senior from Waitlist Only
9202,Graduating Senior from Waitlist Only
9203,Graduating Senior from Waitlist Only
8339,Study Abroad @ the Beach
3928,Enrollment Management / Study Abroad @ the Beach
3464,Enrollment Management
4599,Enrollment Management
6737,Enrollment Management / Study Abroad @ the Beach
7349,Enrollment Management
8983,Enrollment Management
5166,Study Abroad @ the Beach
4656,Study Abroad @ the Beach
9980,Study Abroad @ the Beach
11017,Study Abroad @ the Beach
7346,Study Abroad @ the Beach
1519,Study Abroad @ the Beach
4475,Study Abroad @ the Beach
5870,Study Abroad @ the Beach
6310,Study Abroad @ the Beach
5205,Study Abroad @ the Beach
4048,Study Abroad @ the Beach
5188,Study Abroad @ the Beach